1864.83,0,0,0.5,0,336,1550
1864.84,0,0,0.5,0,336,1550
1864.85,0,0,0.5,0,336,1550
1864.86,0,0,0.5,0,336,1550
1864.87,0,0,0.5,0,336,1550
1864.88,0,0,0.5,0,336,1550
1864.82,0,0,0.5,0,336,1550
1864.81,0,0,0.5,0,336,1550
1864.8,0,0,0.5,0,336,1550
1864.79,0,0,0.5,0,336,1550
1864.78,0,0,0.5,0,336,1550
2006.85,0,0,0.5,1,336,1550
2006.86,0,0,0.5,1,336,1550
2006.87,0,0,0.5,1,336,1550
2006.88,0,0,0.5,1,336,1550
2006.89,0,0,0.5,1,336,1550
2006.9,0,0,0.5,1,336,1550
2006.84,0,0,0.5,1,336,1550
2006.83,0,0,0.5,1,336,1550
2006.82,0,0,0.5,1,336,1550
2006.81,0,0,0.5,1,336,1550
2006.8,0,0,0.5,1,336,1550
2427,0,1,0.5,1,336,1550
2428,0,1,0.5,1,336,1550
2429,0,1,0.5,1,336,1550
2430,0,1,0.5,1,336,1550
2431,0,1,0.5,1,336,1550
2432,0,1,0.5,1,336,1550
2433,0,1,0.5,1,336,1550
2434,0,1,0.5,1,336,1550
2435,0,1,0.5,1,336,1550
2436,0,1,0.5,1,336,1550
2437,0,1,0.5,1,336,1550
2438,0,1,0.5,1,336,1550
2439,0,1,0.5,1,336,1550
2440,0,1,0.5,1,336,1550
2441,0,1,0.5,1,336,1550
2442,0,1,0.5,1,336,1550
2443,0,1,0.5,1,336,1550
2444,0,1,0.5,1,336,1550
2445,0,1,0.5,1,336,1550
2446,0,1,0.5,1,336,1550
2447,0,1,0.5,1,336,1550
2448,0,1,0.5,1,336,1550
2449,0,1,0.5,1,336,1550
2450,0,1,0.5,1,336,1550
2451,0,1,0.5,1,336,1550
2452,0,1,0.5,1,336,1550
2453,0,1,0.5,1,336,1550
2454,0,1,0.5,1,336,1550
2455,0,1,0.5,1,336,1550
2456,0,1,0.5,1,336,1550
2457,0,1,0.5,1,336,1550
2458,0,1,0.5,1,336,1550
2459,0,1,0.5,1,336,1550
2460,0,1,0.5,1,336,1550
2461,0,1,0.5,1,336,1550
2462,0,1,0.5,1,336,1550
2463,0,1,0.5,1,336,1550
2426,0,1,0.5,1,336,1550
2425,0,1,0.5,1,336,1550
2424,0,1,0.5,1,336,1550
2423,0,1,0.5,1,336,1550
2422,0,1,0.5,1,336,1550
2421,0,1,0.5,1,336,1550
2420,0,1,0.5,1,336,1550
2419,0,1,0.5,1,336,1550
2418,0,1,0.5,1,336,1550
2417,0,1,0.5,1,336,1550
2416,0,1,0.5,1,336,1550
2415,0,1,0.5,1,336,1550
2414,0,1,0.5,1,336,1550
2413,0,1,0.5,1,336,1550
2412,0,1,0.5,1,336,1550
2411,0,1,0.5,1,336,1550
2410,0,1,0.5,1,336,1550
2409,0,1,0.5,1,336,1550
2408,0,1,0.5,1,336,1550
2407,0,1,0.5,1,336,1550
2406,0,1,0.5,1,336,1550
2405,0,1,0.5,1,336,1550
2404,0,1,0.5,1,336,1550
2403,0,1,0.5,1,336,1550
2402,0,1,0.5,1,336,1550
2401,0,1,0.5,1,336,1550
2400,0,1,0.5,1,336,1550
2399,0,1,0.5,1,336,1550
2398,0,1,0.5,1,336,1550
2397,0,1,0.5,1,336,1550
2396,0,1,0.5,1,336,1550
2395,0,1,0.5,1,336,1550
2394,0,1,0.5,1,336,1550
2393,0,1,0.5,1,336,1550
2392,0,1,0.5,1,336,1550
2391,0,1,0.5,1,336,1550
2420.8,0,1,1.5,1,336,1550
2420.9,0,1,1.5,1,336,1550
2421,0,1,1.5,1,336,1550
2421.1,0,1,1.5,1,336,1550
2421.2,0,1,1.5,1,336,1550
2421.3,0,1,1.5,1,336,1550
2420.7,0,1,1.5,1,336,1550
2420.6,0,1,1.5,1,336,1550
2420.5,0,1,1.5,1,336,1550
2420.4,0,1,1.5,1,336,1550
2420.3,0,1,1.5,1,336,1550
2460.7,0,1,1.5,2,336,1550
2460.8,0,1,1.5,2,336,1550
2460.9,0,1,1.5,2,336,1550
2461,0,1,1.5,2,336,1550
2461.1,0,1,1.5,2,336,1550
2460.6,0,1,1.5,2,336,1550
2460.5,0,1,1.5,2,336,1550
2460.4,0,1,1.5,2,336,1550
2460.3,0,1,1.5,2,336,1550
2781,0,2,1.5,1,336,1550
2782,0,2,1.5,1,336,1550
2783,0,2,1.5,1,336,1550
2784,0,2,1.5,1,336,1550
2785,0,2,1.5,1,336,1550
2786,0,2,1.5,1,336,1550
2787,0,2,1.5,1,336,1550
2788,0,2,1.5,1,336,1550
2789,0,2,1.5,1,336,1550
2790,0,2,1.5,1,336,1550
2791,0,2,1.5,1,336,1550
2792,0,2,1.5,1,336,1550
2793,0,2,1.5,1,336,1550
2794,0,2,1.5,1,336,1550
2795,0,2,1.5,1,336,1550
2796,0,2,1.5,1,336,1550
2797,0,2,1.5,1,336,1550
2798,0,2,1.5,1,336,1550
2799,0,2,1.5,1,336,1550
2800,0,2,1.5,1,336,1550
2801,0,2,1.5,1,336,1550
2802,0,2,1.5,1,336,1550
2803,0,2,1.5,1,336,1550
2780,0,2,1.5,1,336,1550
2779,0,2,1.5,1,336,1550
2778,0,2,1.5,1,336,1550
2777,0,2,1.5,1,336,1550
2776,0,2,1.5,1,336,1550
2775,0,2,1.5,1,336,1550
2774,0,2,1.5,1,336,1550
2773,0,2,1.5,1,336,1550
2772,0,2,1.5,1,336,1550
2771,0,2,1.5,1,336,1550
2770,0,2,1.5,1,336,1550
2769,0,2,1.5,1,336,1550
2768,0,2,1.5,1,336,1550
2767,0,2,1.5,1,336,1550
2766,0,2,1.5,1,336,1550
2765,0,2,1.5,1,336,1550
2764,0,2,1.5,1,336,1550
2763,0,2,1.5,1,336,1550
2762,0,2,1.5,1,336,1550
2761,0,2,1.5,1,336,1550
2760,0,2,1.5,1,336,1550
2759,0,2,1.5,1,336,1550
2751,0,2,1.5,2,336,1550
2751,0,2,2.5,2,336,1550
2752,0,2,1.5,2,336,1550
2752,0,2,2.5,2,336,1550
2753,0,2,1.5,2,336,1550
2753,0,2,2.5,2,336,1550
2754,0,2,1.5,2,336,1550
2754,0,2,2.5,2,336,1550
2755,0,2,1.5,2,336,1550
2755,0,2,2.5,2,336,1550
2756,0,2,1.5,2,336,1550
2756,0,2,2.5,2,336,1550
2757,0,2,1.5,2,336,1550
2757,0,2,2.5,2,336,1550
2758,0,2,1.5,2,336,1550
2758,0,2,2.5,2,336,1550
2759,0,2,1.5,2,336,1550
2759,0,2,2.5,2,336,1550
2750,0,2,1.5,2,336,1550
2750,0,2,2.5,2,336,1550
2749,0,2,1.5,2,336,1550
2749,0,2,2.5,2,336,1550
2750,0,2,1.5,2,336,1550
2750,0,2,2.5,2,336,1550
2747,0,2,1.5,2,336,1550
2747,0,2,2.5,2,336,1550
2746,0,2,1.5,2,336,1550
2746,0,2,2.5,2,336,1550
2745,0,2,1.5,2,336,1550
2745,0,2,2.5,2,336,1550
2744,0,2,1.5,2,336,1550
2744,0,2,2.5,2,336,1550
2743,0,2,1.5,2,336,1550
2743,0,2,2.5,2,336,1550
2753,0,2,2.5,3,336,1550
2754,0,2,2.5,3,336,1550
2755,0,2,2.5,3,336,1550
2756,0,2,2.5,3,336,1550
2757,0,2,2.5,3,336,1550
2758,0,2,2.5,3,336,1550
2759,0,2,2.5,3,336,1550
2760,0,2,2.5,3,336,1550
2752,0,2,2.5,3,336,1550
2751,0,2,2.5,3,336,1550
2750,0,2,2.5,3,336,1550
2749,0,2,2.5,3,336,1550
2748,0,2,2.5,3,336,1550
2747,0,2,2.5,3,336,1550
2746,0,2,2.5,3,336,1550
2518,1,0,0.5,0,336,1550
2519,1,0,0.5,0,336,1550
2520,1,0,0.5,0,336,1550
2521,1,0,0.5,0,336,1550
2522,1,0,0.5,0,336,1550
2523,1,0,0.5,0,336,1550
2524,1,0,0.5,0,336,1550
2525,1,0,0.5,0,336,1550
2517,1,0,0.5,0,336,1550
2516,1,0,0.5,0,336,1550
2515,1,0,0.5,0,336,1550
2514,1,0,0.5,0,336,1550
2513,1,0,0.5,0,336,1550
2512,1,0,0.5,0,336,1550
2511,1,0,0.5,0,336,1550
2641.9,1,0,0.5,1,336,1550
2642,1,0,0.5,1,336,1550
2642.1,1,0,0.5,1,336,1550
2642.2,1,0,0.5,1,336,1550
2642.3,1,0,0.5,1,336,1550
2642.4,1,0,0.5,1,336,1550
2642.5,1,0,0.5,1,336,1550
2642.6,1,0,0.5,1,336,1550
2642.7,1,0,0.5,1,336,1550
2642.8,1,0,0.5,1,336,1550
2642.9,1,0,0.5,1,336,1550
2643,1,0,0.5,1,336,1550
2643.1,1,0,0.5,1,336,1550
2643.2,1,0,0.5,1,336,1550
2643.3,1,0,0.5,1,336,1550
2643.4,1,0,0.5,1,336,1550
2643.5,1,0,0.5,1,336,1550
2643.6,1,0,0.5,1,336,1550
2643.7,1,0,0.5,1,336,1550
2643.8,1,0,0.5,1,336,1550
2643.9,1,0,0.5,1,336,1550
2644,1,0,0.5,1,336,1550
2644.1,1,0,0.5,1,336,1550
2644.2,1,0,0.5,1,336,1550
2644.3,1,0,0.5,1,336,1550
2644.4,1,0,0.5,1,336,1550
2644.5,1,0,0.5,1,336,1550
2644.6,1,0,0.5,1,336,1550
2644.7,1,0,0.5,1,336,1550
2644.8,1,0,0.5,1,336,1550
2644.9,1,0,0.5,1,336,1550
2645,1,0,0.5,1,336,1550
2645.1,1,0,0.5,1,336,1550
2645.2,1,0,0.5,1,336,1550
2645.3,1,0,0.5,1,336,1550
2645.4,1,0,0.5,1,336,1550
2645.5,1,0,0.5,1,336,1550
2645.6,1,0,0.5,1,336,1550
2645.7,1,0,0.5,1,336,1550
2645.8,1,0,0.5,1,336,1550
2645.9,1,0,0.5,1,336,1550
2646,1,0,0.5,1,336,1550
2646.1,1,0,0.5,1,336,1550
2646.2,1,0,0.5,1,336,1550
2646.3,1,0,0.5,1,336,1550
2646.4,1,0,0.5,1,336,1550
2646.5,1,0,0.5,1,336,1550
2646.6,1,0,0.5,1,336,1550
2646.7,1,0,0.5,1,336,1550
2641.8,1,0,0.5,1,336,1550
2641.7,1,0,0.5,1,336,1550
2641.6,1,0,0.5,1,336,1550
2641.5,1,0,0.5,1,336,1550
2641.4,1,0,0.5,1,336,1550
2641.3,1,0,0.5,1,336,1550
2641.2,1,0,0.5,1,336,1550
2641.1,1,0,0.5,1,336,1550
2641,1,0,0.5,1,336,1550
2640.9,1,0,0.5,1,336,1550
2640.8,1,0,0.5,1,336,1550
2640.7,1,0,0.5,1,336,1550
2640.6,1,0,0.5,1,336,1550
2640.5,1,0,0.5,1,336,1550
2640.4,1,0,0.5,1,336,1550
2640.3,1,0,0.5,1,336,1550
2640.2,1,0,0.5,1,336,1550
2640.1,1,0,0.5,1,336,1550
2640,1,0,0.5,1,336,1550
2639.9,1,0,0.5,1,336,1550
2639.8,1,0,0.5,1,336,1550
2639.7,1,0,0.5,1,336,1550
2639.6,1,0,0.5,1,336,1550
2639.5,1,0,0.5,1,336,1550
2639.4,1,0,0.5,1,336,1550
2639.3,1,0,0.5,1,336,1550
2639.2,1,0,0.5,1,336,1550
2639.1,1,0,0.5,1,336,1550
2639,1,0,0.5,1,336,1550
2638.9,1,0,0.5,1,336,1550
2638.8,1,0,0.5,1,336,1550
2638.7,1,0,0.5,1,336,1550
2638.6,1,0,0.5,1,336,1550
2638.5,1,0,0.5,1,336,1550
2638.4,1,0,0.5,1,336,1550
2638.3,1,0,0.5,1,336,1550
2638.2,1,0,0.5,1,336,1550
2638.1,1,0,0.5,1,336,1550
2638,1,0,0.5,1,336,1550
2637.9,1,0,0.5,1,336,1550
2637.8,1,0,0.5,1,336,1550
2637.7,1,0,0.5,1,336,1550
2637.6,1,0,0.5,1,336,1550
2637.5,1,0,0.5,1,336,1550
2637.4,1,0,0.5,1,336,1550
2637.3,1,0,0.5,1,336,1550
2637.2,1,0,0.5,1,336,1550
2637.1,1,0,0.5,1,336,1550
1968.34,0,0,0.5,0,486,1550
1968.35,0,0,0.5,0,486,1550
1968.36,0,0,0.5,0,486,1550
1968.37,0,0,0.5,0,486,1550
1968.38,0,0,0.5,0,486,1550
1968.39,0,0,0.5,0,486,1550
1968.4,0,0,0.5,0,486,1550
1968.41,0,0,0.5,0,486,1550
1968.33,0,0,0.5,0,486,1550
1968.32,0,0,0.5,0,486,1550
1968.31,0,0,0.5,0,486,1550
1968.3,0,0,0.5,0,486,1550
1968.29,0,0,0.5,0,486,1550
1968.28,0,0,0.5,0,486,1550
1968.27,0,0,0.5,0,486,1550
2112.2,0,0,0.5,1,486,1550
2112.3,0,0,0.5,1,486,1550
2112.4,0,0,0.5,1,486,1550
2112.5,0,0,0.5,1,486,1550
2112.6,0,0,0.5,1,486,1550
2112.1,0,0,0.5,1,486,1550
2112,0,0,0.5,1,486,1550
2111.9,0,0,0.5,1,486,1550
2111.8,0,0,0.5,1,486,1550
2535.11,0,1,1.5,1,486,1550
2535.12,0,1,1.5,1,486,1550
2535.13,0,1,1.5,1,486,1550
2535.14,0,1,1.5,1,486,1550
2535.15,0,1,1.5,1,486,1550
2535.16,0,1,1.5,1,486,1550
2535.17,0,1,1.5,1,486,1550
2535.1,0,1,1.5,1,486,1550
2535.09,0,1,1.5,1,486,1550
2535.08,0,1,1.5,1,486,1550
2535.07,0,1,1.5,1,486,1550
2535.06,0,1,1.5,1,486,1550
2535.05,0,1,1.5,1,486,1550
2569.1,0,1,1.5,2,486,1550
2569.2,0,1,1.5,2,486,1550
2569.3,0,1,1.5,2,486,1550
2569.4,0,1,1.5,2,486,1550
2569.5,0,1,1.5,2,486,1550
2569.6,0,1,1.5,2,486,1550
2569.7,0,1,1.5,2,486,1550
2569.8,0,1,1.5,2,486,1550
2569.9,0,1,1.5,2,486,1550
2569,0,1,1.5,2,486,1550
2568.9,0,1,1.5,2,486,1550
2568.8,0,1,1.5,2,486,1550
2568.7,0,1,1.5,2,486,1550
2568.6,0,1,1.5,2,486,1550
2568.5,0,1,1.5,2,486,1550
2568.4,0,1,1.5,2,486,1550
2568.3,0,1,1.5,2,486,1550
2859,0,2,1.5,1,486,1550
2860,0,2,1.5,1,486,1550
2861,0,2,1.5,1,486,1550
2862,0,2,1.5,1,486,1550
2863,0,2,1.5,1,486,1550
2864,0,2,1.5,1,486,1550
2865,0,2,1.5,1,486,1550
2866,0,2,1.5,1,486,1550
2867,0,2,1.5,1,486,1550
2868,0,2,1.5,1,486,1550
2869,0,2,1.5,1,486,1550
2870,0,2,1.5,1,486,1550
2871,0,2,1.5,1,486,1550
2872,0,2,1.5,1,486,1550
2873,0,2,1.5,1,486,1550
2874,0,2,1.5,1,486,1550
2875,0,2,1.5,1,486,1550
2876,0,2,1.5,1,486,1550
2877,0,2,1.5,1,486,1550
2878,0,2,1.5,1,486,1550
2879,0,2,1.5,1,486,1550
2880,0,2,1.5,1,486,1550
2881,0,2,1.5,1,486,1550
2882,0,2,1.5,1,486,1550
2883,0,2,1.5,1,486,1550
2884,0,2,1.5,1,486,1550
2885,0,2,1.5,1,486,1550
2886,0,2,1.5,1,486,1550
2858,0,2,1.5,1,486,1550
2857,0,2,1.5,1,486,1550
2856,0,2,1.5,1,486,1550
2855,0,2,1.5,1,486,1550
2854,0,2,1.5,1,486,1550
2853,0,2,1.5,1,486,1550
2852,0,2,1.5,1,486,1550
2851,0,2,1.5,1,486,1550
2850,0,2,1.5,1,486,1550
2849,0,2,1.5,1,486,1550
2848,0,2,1.5,1,486,1550
2847,0,2,1.5,1,486,1550
2846,0,2,1.5,1,486,1550
2845,0,2,1.5,1,486,1550
2844,0,2,1.5,1,486,1550
2843,0,2,1.5,1,486,1550
2842,0,2,1.5,1,486,1550
2841,0,2,1.5,1,486,1550
2840,0,2,1.5,1,486,1550
2839,0,2,1.5,1,486,1550
2838,0,2,1.5,1,486,1550
2837,0,2,1.5,1,486,1550
2836,0,2,1.5,1,486,1550
2835,0,2,1.5,1,486,1550
2834,0,2,1.5,1,486,1550
2833,0,2,1.5,1,486,1550
2832,0,2,1.5,1,486,1550
2860.5,0,2,2.5,2,486,1550
2860.6,0,2,2.5,2,486,1550
2860.7,0,2,2.5,2,486,1550
2860.8,0,2,2.5,2,486,1550
2860.9,0,2,2.5,2,486,1550
2861,0,2,2.5,2,486,1550
2861.1,0,2,2.5,2,486,1550
2861.2,0,2,2.5,2,486,1550
2861.3,0,2,2.5,2,486,1550
2861.4,0,2,2.5,2,486,1550
2861.5,0,2,2.5,2,486,1550
2861.6,0,2,2.5,2,486,1550
2861.7,0,2,2.5,2,486,1550
2861.8,0,2,2.5,2,486,1550
2861.9,0,2,2.5,2,486,1550
2862,0,2,2.5,2,486,1550
2862.1,0,2,2.5,2,486,1550
2862.2,0,2,2.5,2,486,1550
2862.3,0,2,2.5,2,486,1550
2862.4,0,2,2.5,2,486,1550
2862.5,0,2,2.5,2,486,1550
2862.6,0,2,2.5,2,486,1550
2862.7,0,2,2.5,2,486,1550
2862.8,0,2,2.5,2,486,1550
2862.9,0,2,2.5,2,486,1550
2863,0,2,2.5,2,486,1550
2863.1,0,2,2.5,2,486,1550
2863.2,0,2,2.5,2,486,1550
2863.3,0,2,2.5,2,486,1550
2863.4,0,2,2.5,2,486,1550
2863.5,0,2,2.5,2,486,1550
2863.6,0,2,2.5,2,486,1550
2863.7,0,2,2.5,2,486,1550
2863.8,0,2,2.5,2,486,1550
2863.9,0,2,2.5,2,486,1550
2864,0,2,2.5,2,486,1550
2864.1,0,2,2.5,2,486,1550
2864.2,0,2,2.5,2,486,1550
2864.3,0,2,2.5,2,486,1550
2864.4,0,2,2.5,2,486,1550
2864.5,0,2,2.5,2,486,1550
2864.6,0,2,2.5,2,486,1550
2864.7,0,2,2.5,2,486,1550
2864.8,0,2,2.5,2,486,1550
2864.9,0,2,2.5,2,486,1550
2865,0,2,2.5,2,486,1550
2865.1,0,2,2.5,2,486,1550
2865.2,0,2,2.5,2,486,1550
2865.3,0,2,2.5,2,486,1550
2865.4,0,2,2.5,2,486,1550
2865.5,0,2,2.5,2,486,1550
2865.6,0,2,2.5,2,486,1550
2865.7,0,2,2.5,2,486,1550
2865.8,0,2,2.5,2,486,1550
2865.9,0,2,2.5,2,486,1550
2866,0,2,2.5,2,486,1550
2866.1,0,2,2.5,2,486,1550
2866.2,0,2,2.5,2,486,1550
2866.3,0,2,2.5,2,486,1550
2866.4,0,2,2.5,2,486,1550
2866.5,0,2,2.5,2,486,1550
2866.6,0,2,2.5,2,486,1550
2866.7,0,2,2.5,2,486,1550
2866.8,0,2,2.5,2,486,1550
2866.9,0,2,2.5,2,486,1550
2867,0,2,2.5,2,486,1550
2867.1,0,2,2.5,2,486,1550
2867.2,0,2,2.5,2,486,1550
2867.3,0,2,2.5,2,486,1550
2867.4,0,2,2.5,2,486,1550
2867.5,0,2,2.5,2,486,1550
2860.4,0,2,2.5,2,486,1550
2860.3,0,2,2.5,2,486,1550
2860.2,0,2,2.5,2,486,1550
2860.1,0,2,2.5,2,486,1550
2860,0,2,2.5,2,486,1550
2859.9,0,2,2.5,2,486,1550
2859.8,0,2,2.5,2,486,1550
2859.7,0,2,2.5,2,486,1550
2859.6,0,2,2.5,2,486,1550
2859.5,0,2,2.5,2,486,1550
2859.4,0,2,2.5,2,486,1550
2859.3,0,2,2.5,2,486,1550
2859.2,0,2,2.5,2,486,1550
2859.1,0,2,2.5,2,486,1550
2859,0,2,2.5,2,486,1550
2858.9,0,2,2.5,2,486,1550
2858.8,0,2,2.5,2,486,1550
2858.7,0,2,2.5,2,486,1550
2858.6,0,2,2.5,2,486,1550
2858.5,0,2,2.5,2,486,1550
2858.4,0,2,2.5,2,486,1550
2858.3,0,2,2.5,2,486,1550
2858.2,0,2,2.5,2,486,1550
2858.1,0,2,2.5,2,486,1550
2858,0,2,2.5,2,486,1550
2857.9,0,2,2.5,2,486,1550
2857.8,0,2,2.5,2,486,1550
2857.7,0,2,2.5,2,486,1550
2857.6,0,2,2.5,2,486,1550
2857.5,0,2,2.5,2,486,1550
2857.4,0,2,2.5,2,486,1550
2857.3,0,2,2.5,2,486,1550
2857.2,0,2,2.5,2,486,1550
2857.1,0,2,2.5,2,486,1550
2857,0,2,2.5,2,486,1550
2856.9,0,2,2.5,2,486,1550
2856.8,0,2,2.5,2,486,1550
2856.7,0,2,2.5,2,486,1550
2856.6,0,2,2.5,2,486,1550
2856.5,0,2,2.5,2,486,1550
2856.4,0,2,2.5,2,486,1550
2856.3,0,2,2.5,2,486,1550
2856.2,0,2,2.5,2,486,1550
2856.1,0,2,2.5,2,486,1550
2856,0,2,2.5,2,486,1550
2855.9,0,2,2.5,2,486,1550
2855.8,0,2,2.5,2,486,1550
2855.7,0,2,2.5,2,486,1550
2855.6,0,2,2.5,2,486,1550
2855.5,0,2,2.5,2,486,1550
2855.4,0,2,2.5,2,486,1550
2855.3,0,2,2.5,2,486,1550
2855.2,0,2,2.5,2,486,1550
2855.1,0,2,2.5,2,486,1550
2855,0,2,2.5,2,486,1550
2854.9,0,2,2.5,2,486,1550
2854.8,0,2,2.5,2,486,1550
2854.7,0,2,2.5,2,486,1550
2854.6,0,2,2.5,2,486,1550
2854.5,0,2,2.5,2,486,1550
2854.4,0,2,2.5,2,486,1550
2854.3,0,2,2.5,2,486,1550
2854.2,0,2,2.5,2,486,1550
2854.1,0,2,2.5,2,486,1550
2854,0,2,2.5,2,486,1550
2853.9,0,2,2.5,2,486,1550
2853.8,0,2,2.5,2,486,1550
2853.7,0,2,2.5,2,486,1550
2853.6,0,2,2.5,2,486,1550
2853.5,0,2,2.5,2,486,1550
2591,1,0,0.5,0,486,1550
2592,1,0,0.5,0,486,1550
2593,1,0,0.5,0,486,1550
2594,1,0,0.5,0,486,1550
2595,1,0,0.5,0,486,1550
2596,1,0,0.5,0,486,1550
2597,1,0,0.5,0,486,1550
2598,1,0,0.5,0,486,1550
2599,1,0,0.5,0,486,1550
2600,1,0,0.5,0,486,1550
2590,1,0,0.5,0,486,1550
2589,1,0,0.5,0,486,1550
2588,1,0,0.5,0,486,1550
2587,1,0,0.5,0,486,1550
2586,1,0,0.5,0,486,1550
2585,1,0,0.5,0,486,1550
2584,1,0,0.5,0,486,1550
2583,1,0,0.5,0,486,1550
2582,1,0,0.5,0,486,1550
2708.3,1,0,0.5,1,486,1550
2708.4,1,0,0.5,1,486,1550
2708.5,1,0,0.5,1,486,1550
2708.6,1,0,0.5,1,486,1550
2708.7,1,0,0.5,1,486,1550
2708.8,1,0,0.5,1,486,1550
2708.9,1,0,0.5,1,486,1550
2709,1,0,0.5,1,486,1550
2709.1,1,0,0.5,1,486,1550
2709.2,1,0,0.5,1,486,1550
2709.3,1,0,0.5,1,486,1550
2709.4,1,0,0.5,1,486,1550
2709.5,1,0,0.5,1,486,1550
2709.6,1,0,0.5,1,486,1550
2709.7,1,0,0.5,1,486,1550
2709.8,1,0,0.5,1,486,1550
2709.9,1,0,0.5,1,486,1550
2710,1,0,0.5,1,486,1550
2710.1,1,0,0.5,1,486,1550
2710.2,1,0,0.5,1,486,1550
2710.3,1,0,0.5,1,486,1550
2710.4,1,0,0.5,1,486,1550
2710.5,1,0,0.5,1,486,1550
2710.6,1,0,0.5,1,486,1550
2710.7,1,0,0.5,1,486,1550
2710.8,1,0,0.5,1,486,1550
2710.9,1,0,0.5,1,486,1550
2711,1,0,0.5,1,486,1550
2711.1,1,0,0.5,1,486,1550
2711.2,1,0,0.5,1,486,1550
2711.3,1,0,0.5,1,486,1550
2711.4,1,0,0.5,1,486,1550
2711.5,1,0,0.5,1,486,1550
2711.6,1,0,0.5,1,486,1550
2711.7,1,0,0.5,1,486,1550
2711.8,1,0,0.5,1,486,1550
2711.9,1,0,0.5,1,486,1550
2712,1,0,0.5,1,486,1550
2712.1,1,0,0.5,1,486,1550
2712.2,1,0,0.5,1,486,1550
2712.3,1,0,0.5,1,486,1550
2708.2,1,0,0.5,1,486,1550
2708.1,1,0,0.5,1,486,1550
2708,1,0,0.5,1,486,1550
2707.9,1,0,0.5,1,486,1550
2707.8,1,0,0.5,1,486,1550
2707.7,1,0,0.5,1,486,1550
2707.6,1,0,0.5,1,486,1550
2707.5,1,0,0.5,1,486,1550
2707.4,1,0,0.5,1,486,1550
2707.3,1,0,0.5,1,486,1550
2707.2,1,0,0.5,1,486,1550
2707.1,1,0,0.5,1,486,1550
2707,1,0,0.5,1,486,1550
2706.9,1,0,0.5,1,486,1550
2706.8,1,0,0.5,1,486,1550
2706.7,1,0,0.5,1,486,1550
2706.6,1,0,0.5,1,486,1550
2706.5,1,0,0.5,1,486,1550
2706.4,1,0,0.5,1,486,1550
2706.3,1,0,0.5,1,486,1550
2706.2,1,0,0.5,1,486,1550
2706.1,1,0,0.5,1,486,1550
2706,1,0,0.5,1,486,1550
2705.9,1,0,0.5,1,486,1550
2705.8,1,0,0.5,1,486,1550
2705.7,1,0,0.5,1,486,1550
2705.6,1,0,0.5,1,486,1550
2705.5,1,0,0.5,1,486,1550
2705.4,1,0,0.5,1,486,1550
2705.3,1,0,0.5,1,486,1550
2705.2,1,0,0.5,1,486,1550
2705.1,1,0,0.5,1,486,1550
2705,1,0,0.5,1,486,1550
2704.9,1,0,0.5,1,486,1550
3044,1,1,0.5,1,486,1550
3044,1,1,1.5,1,486,1550
3045,1,1,0.5,1,486,1550
3045,1,1,1.5,1,486,1550
3046,1,1,0.5,1,486,1550
3046,1,1,1.5,1,486,1550
3047,1,1,0.5,1,486,1550
3047,1,1,1.5,1,486,1550
3048,1,1,0.5,1,486,1550
3048,1,1,1.5,1,486,1550
3049,1,1,0.5,1,486,1550
3049,1,1,1.5,1,486,1550
3050,1,1,0.5,1,486,1550
3050,1,1,1.5,1,486,1550
3051,1,1,0.5,1,486,1550
3051,1,1,1.5,1,486,1550
3052,1,1,0.5,1,486,1550
3052,1,1,1.5,1,486,1550
3053,1,1,0.5,1,486,1550
3053,1,1,1.5,1,486,1550
3054,1,1,0.5,1,486,1550
3054,1,1,1.5,1,486,1550
3055,1,1,0.5,1,486,1550
3055,1,1,1.5,1,486,1550
3056,1,1,0.5,1,486,1550
3056,1,1,1.5,1,486,1550
3057,1,1,0.5,1,486,1550
3057,1,1,1.5,1,486,1550
3058,1,1,0.5,1,486,1550
3058,1,1,1.5,1,486,1550
3059,1,1,0.5,1,486,1550
3059,1,1,1.5,1,486,1550
3060,1,1,0.5,1,486,1550
3060,1,1,1.5,1,486,1550
3061,1,1,0.5,1,486,1550
3061,1,1,1.5,1,486,1550
3062,1,1,0.5,1,486,1550
3062,1,1,1.5,1,486,1550
3063,1,1,0.5,1,486,1550
3063,1,1,1.5,1,486,1550
3064,1,1,0.5,1,486,1550
3064,1,1,1.5,1,486,1550
3065,1,1,0.5,1,486,1550
3065,1,1,1.5,1,486,1550
3066,1,1,0.5,1,486,1550
3066,1,1,1.5,1,486,1550
3067,1,1,0.5,1,486,1550
3067,1,1,1.5,1,486,1550
3068,1,1,0.5,1,486,1550
3068,1,1,1.5,1,486,1550
3069,1,1,0.5,1,486,1550
3069,1,1,1.5,1,486,1550
3070,1,1,0.5,1,486,1550
3070,1,1,1.5,1,486,1550
3071,1,1,0.5,1,486,1550
3071,1,1,1.5,1,486,1550
3072,1,1,0.5,1,486,1550
3072,1,1,1.5,1,486,1550
3073,1,1,0.5,1,486,1550
3073,1,1,1.5,1,486,1550
3074,1,1,0.5,1,486,1550
3074,1,1,1.5,1,486,1550
3075,1,1,0.5,1,486,1550
3075,1,1,1.5,1,486,1550
3043,1,1,0.5,1,486,1550
3043,1,1,1.5,1,486,1550
3042,1,1,0.5,1,486,1550
3042,1,1,1.5,1,486,1550
3041,1,1,0.5,1,486,1550
3041,1,1,1.5,1,486,1550
3040,1,1,0.5,1,486,1550
3040,1,1,1.5,1,486,1550
3039,1,1,0.5,1,486,1550
3039,1,1,1.5,1,486,1550
3038,1,1,0.5,1,486,1550
3038,1,1,1.5,1,486,1550
3037,1,1,0.5,1,486,1550
3037,1,1,1.5,1,486,1550
3036,1,1,0.5,1,486,1550
3036,1,1,1.5,1,486,1550
3035,1,1,0.5,1,486,1550
3035,1,1,1.5,1,486,1550
5279.65,0,0,0.5,0,340,4730
5279.66,0,0,0.5,0,340,4730
5279.67,0,0,0.5,0,340,4730
5279.68,0,0,0.5,0,340,4730
5279.69,0,0,0.5,0,340,4730
5279.7,0,0,0.5,0,340,4730
5279.71,0,0,0.5,0,340,4730
5279.72,0,0,0.5,0,340,4730
5279.73,0,0,0.5,0,340,4730
5279.74,0,0,0.5,0,340,4730
5279.75,0,0,0.5,0,340,4730
5279.76,0,0,0.5,0,340,4730
5279.77,0,0,0.5,0,340,4730
5279.64,0,0,0.5,0,340,4730
5279.63,0,0,0.5,0,340,4730
5279.62,0,0,0.5,0,340,4730
5279.61,0,0,0.5,0,340,4730
5279.6,0,0,0.5,0,340,4730
5279.59,0,0,0.5,0,340,4730
5279.58,0,0,0.5,0,340,4730
5279.57,0,0,0.5,0,340,4730
5279.56,0,0,0.5,0,340,4730
5279.55,0,0,0.5,0,340,4730
5279.54,0,0,0.5,0,340,4730
5279.53,0,0,0.5,0,340,4730
5324.7,0,0,0.5,1,340,4730
5324.71,0,0,0.5,1,340,4730
5324.72,0,0,0.5,1,340,4730
5324.73,0,0,0.5,1,340,4730
5324.74,0,0,0.5,1,340,4730
5324.75,0,0,0.5,1,340,4730
5324.76,0,0,0.5,1,340,4730
5324.77,0,0,0.5,1,340,4730
5324.78,0,0,0.5,1,340,4730
5324.79,0,0,0.5,1,340,4730
5324.8,0,0,0.5,1,340,4730
5324.81,0,0,0.5,1,340,4730
5324.82,0,0,0.5,1,340,4730
5324.83,0,0,0.5,1,340,4730
5324.84,0,0,0.5,1,340,4730
5324.85,0,0,0.5,1,340,4730
5324.86,0,0,0.5,1,340,4730
5324.87,0,0,0.5,1,340,4730
5324.88,0,0,0.5,1,340,4730
5324.89,0,0,0.5,1,340,4730
5324.9,0,0,0.5,1,340,4730
5324.91,0,0,0.5,1,340,4730
5324.69,0,0,0.5,1,340,4730
5324.68,0,0,0.5,1,340,4730
5324.67,0,0,0.5,1,340,4730
5324.66,0,0,0.5,1,340,4730
5324.65,0,0,0.5,1,340,4730
5324.64,0,0,0.5,1,340,4730
5324.63,0,0,0.5,1,340,4730
5324.62,0,0,0.5,1,340,4730
5324.61,0,0,0.5,1,340,4730
5324.6,0,0,0.5,1,340,4730
5324.59,0,0,0.5,1,340,4730
5324.58,0,0,0.5,1,340,4730
5324.57,0,0,0.5,1,340,4730
5324.56,0,0,0.5,1,340,4730
5324.55,0,0,0.5,1,340,4730
5324.54,0,0,0.5,1,340,4730
5324.53,0,0,0.5,1,340,4730
5324.52,0,0,0.5,1,340,4730
5324.51,0,0,0.5,1,340,4730
5324.5,0,0,0.5,1,340,4730
5324.49,0,0,0.5,1,340,4730
5726.1,0,1,1.5,1,340,4730
5726.2,0,1,1.5,1,340,4730
5726.3,0,1,1.5,1,340,4730
5726.4,0,1,1.5,1,340,4730
5726.5,0,1,1.5,1,340,4730
5726.6,0,1,1.5,1,340,4730
5726.7,0,1,1.5,1,340,4730
5726.8,0,1,1.5,1,340,4730
5726.9,0,1,1.5,1,340,4730
5727,0,1,1.5,1,340,4730
5727.1,0,1,1.5,1,340,4730
5727.2,0,1,1.5,1,340,4730
5727.3,0,1,1.5,1,340,4730
5727.4,0,1,1.5,1,340,4730
5726,0,1,1.5,1,340,4730
5725.9,0,1,1.5,1,340,4730
5725.8,0,1,1.5,1,340,4730
5725.7,0,1,1.5,1,340,4730
5725.6,0,1,1.5,1,340,4730
5725.5,0,1,1.5,1,340,4730
5725.4,0,1,1.5,1,340,4730
5725.3,0,1,1.5,1,340,4730
5725.2,0,1,1.5,1,340,4730
5725.1,0,1,1.5,1,340,4730
5725,0,1,1.5,1,340,4730
5724.9,0,1,1.5,1,340,4730
5724.8,0,1,1.5,1,340,4730
5739.5,0,1,1.5,2,340,4730
5739.6,0,1,1.5,2,340,4730
5739.7,0,1,1.5,2,340,4730
5739.8,0,1,1.5,2,340,4730
5739.9,0,1,1.5,2,340,4730
5740,0,1,1.5,2,340,4730
5740.1,0,1,1.5,2,340,4730
5740.2,0,1,1.5,2,340,4730
5739.4,0,1,1.5,2,340,4730
5739.3,0,1,1.5,2,340,4730
5739.2,0,1,1.5,2,340,4730
5739.1,0,1,1.5,2,340,4730
5739,0,1,1.5,2,340,4730
5738.9,0,1,1.5,2,340,4730
5738.8,0,1,1.5,2,340,4730
5366.88,0,0,0.5,0,486,4730
5366.89,0,0,0.5,0,486,4730
5366.9,0,0,0.5,0,486,4730
5366.91,0,0,0.5,0,486,4730
5366.92,0,0,0.5,0,486,4730
5366.93,0,0,0.5,0,486,4730
5366.94,0,0,0.5,0,486,4730
5366.95,0,0,0.5,0,486,4730
5366.96,0,0,0.5,0,486,4730
5366.97,0,0,0.5,0,486,4730
5366.98,0,0,0.5,0,486,4730
5366.99,0,0,0.5,0,486,4730
5367,0,0,0.5,0,486,4730
5367.01,0,0,0.5,0,486,4730
5367.02,0,0,0.5,0,486,4730
5366.87,0,0,0.5,0,486,4730
5366.86,0,0,0.5,0,486,4730
5366.85,0,0,0.5,0,486,4730
5366.84,0,0,0.5,0,486,4730
5366.83,0,0,0.5,0,486,4730
5366.82,0,0,0.5,0,486,4730
5366.81,0,0,0.5,0,486,4730
5366.8,0,0,0.5,0,486,4730
5366.79,0,0,0.5,0,486,4730
5366.78,0,0,0.5,0,486,4730
5366.77,0,0,0.5,0,486,4730
5366.76,0,0,0.5,0,486,4730
5366.75,0,0,0.5,0,486,4730
5366.74,0,0,0.5,0,486,4730
5415.4,0,0,0.5,1,486,4730
5415.5,0,0,0.5,1,486,4730
5415.6,0,0,0.5,1,486,4730
5415.7,0,0,0.5,1,486,4730
5415.8,0,0,0.5,1,486,4730
5415.9,0,0,0.5,1,486,4730
5416,0,0,0.5,1,486,4730
5416.1,0,0,0.5,1,486,4730
5416.2,0,0,0.5,1,486,4730
5416.3,0,0,0.5,1,486,4730
5416.4,0,0,0.5,1,486,4730
5416.5,0,0,0.5,1,486,4730
5416.6,0,0,0.5,1,486,4730
5416.7,0,0,0.5,1,486,4730
5416.8,0,0,0.5,1,486,4730
5416.9,0,0,0.5,1,486,4730
5417,0,0,0.5,1,486,4730
5417.1,0,0,0.5,1,486,4730
5417.2,0,0,0.5,1,486,4730
5415.3,0,0,0.5,1,486,4730
5415.2,0,0,0.5,1,486,4730
5415.1,0,0,0.5,1,486,4730
5415,0,0,0.5,1,486,4730
5414.9,0,0,0.5,1,486,4730
5414.8,0,0,0.5,1,486,4730
5414.7,0,0,0.5,1,486,4730
5414.6,0,0,0.5,1,486,4730
5414.5,0,0,0.5,1,486,4730
5414.4,0,0,0.5,1,486,4730
5414.3,0,0,0.5,1,486,4730
5414.2,0,0,0.5,1,486,4730
5414.1,0,0,0.5,1,486,4730
5414,0,0,0.5,1,486,4730
5413.9,0,0,0.5,1,486,4730
5828.7,0,1,1.5,1,486,4730
5828.71,0,1,1.5,1,486,4730
5828.72,0,1,1.5,1,486,4730
5828.73,0,1,1.5,1,486,4730
5828.74,0,1,1.5,1,486,4730
5828.75,0,1,1.5,1,486,4730
5828.76,0,1,1.5,1,486,4730
5828.77,0,1,1.5,1,486,4730
5828.78,0,1,1.5,1,486,4730
5828.79,0,1,1.5,1,486,4730
5828.8,0,1,1.5,1,486,4730
5828.81,0,1,1.5,1,486,4730
5828.82,0,1,1.5,1,486,4730
5828.83,0,1,1.5,1,486,4730
5828.84,0,1,1.5,1,486,4730
5828.85,0,1,1.5,1,486,4730
5828.86,0,1,1.5,1,486,4730
5828.87,0,1,1.5,1,486,4730
5828.88,0,1,1.5,1,486,4730
5828.89,0,1,1.5,1,486,4730
5828.9,0,1,1.5,1,486,4730
6828.69,0,1,1.5,1,486,4730
6828.68,0,1,1.5,1,486,4730
6828.67,0,1,1.5,1,486,4730
6828.66,0,1,1.5,1,486,4730
6828.65,0,1,1.5,1,486,4730
6828.64,0,1,1.5,1,486,4730
6828.63,0,1,1.5,1,486,4730
6828.62,0,1,1.5,1,486,4730
6828.61,0,1,1.5,1,486,4730
6828.6,0,1,1.5,1,486,4730
6828.59,0,1,1.5,1,486,4730
6828.58,0,1,1.5,1,486,4730
6828.57,0,1,1.5,1,486,4730
6828.56,0,1,1.5,1,486,4730
6828.55,0,1,1.5,1,486,4730
6828.54,0,1,1.5,1,486,4730
6828.53,0,1,1.5,1,486,4730
6828.52,0,1,1.5,1,486,4730
6828.51,0,1,1.5,1,486,4730
6828.5,0,1,1.5,1,486,4730
5839.86,0,1,1.5,2,486,4730
5839.87,0,1,1.5,2,486,4730
5839.88,0,1,1.5,2,486,4730
5839.89,0,1,1.5,2,486,4730
5839.9,0,1,1.5,2,486,4730
5839.91,0,1,1.5,2,486,4730
5839.92,0,1,1.5,2,486,4730
5839.93,0,1,1.5,2,486,4730
5839.94,0,1,1.5,2,486,4730
5839.95,0,1,1.5,2,486,4730
5839.96,0,1,1.5,2,486,4730
5839.97,0,1,1.5,2,486,4730
5839.98,0,1,1.5,2,486,4730
5839.85,0,1,1.5,2,486,4730
5839.84,0,1,1.5,2,486,4730
5839.83,0,1,1.5,2,486,4730
5839.82,0,1,1.5,2,486,4730
5839.81,0,1,1.5,2,486,4730
5839.8,0,1,1.5,2,486,4730
5839.79,0,1,1.5,2,486,4730
5839.78,0,1,1.5,2,486,4730
5839.77,0,1,1.5,2,486,4730
5839.76,0,1,1.5,2,486,4730
5839.75,0,1,1.5,2,486,4730
5839.74,0,1,1.5,2,486,4730
